<?xml version="1.0" encoding="UTF-8"?>
<!--
    This XML file allows us to easily customize the look and language used
    in our program's user interface. Note that this properties file is only
    for the standard controls for an app from the SimpleAppFramework, so
    it would not include things initialized for the workspace, which is
    customizable.
-->
<properties>
    <property_list>
        <property name="APP_WINDOW_WIDTH" value="700"/>
        <property name="APP_WINDOW_HEIGHT" value="500"/>
        <property name="APP_TITLE" value="!! Buzzword !!"/>
        <property name="APP_LOGO" value="Logo.png"/>
        <property name="APP_PATH_CSS" value="css"/>
        <property name="APP_CSS" value="buzzword_style.css"/>
        <property name="APP_SAVED_GAMES_PATH" value="work"/>

        <!--SCREEN NAME -->
        <property name="HOMESCREEN" value="HOMESCREEN"/>
        <property name="GAMEPLAYSCREEN" value="GAMPLAYSCREEN"/>
        <property name="LEVELSELECTIONSCREEN" value="LEVELSELECTIONSCREEN"/>
        <property name="PROFILESETTINGSCREEN" value="PROFILESETTINGSCREEN"/>
        <property name="HELPSCREEN" value="HELPSCREEN"/>

        <!-- WORKSPACE CSS PROPERTIES -->
        <property name="ROOT_BORDERPANE_ID" value="background"/>
        <property name="TOP_TOOLBAR_ID" value="toolbar"/>
        <property name="SEGMENTED_BUTTON_BAR" value="segmented-button-bar"/>
        <property name="FIRST_TOOLBAR_BUTTON" value="first-toolbar-button"/>
        <property name="LAST_TOOLBAR_BUTTON" value="last-toolbar-button"/>
        <property name="HEADING_LABEL" value="heading-label"/>
        <property name="CONTROL_BUTTON" value="control-button"/>

        <!-- PROGRAM ICON FILES -->
        <property name="LOGIN_ICON" value="Login2.png"/>
        <property name="PROFILE_ICON" value="Profile2.png"/>
        <property name="CLOSE_ICON" value="Close2.png"/>
        <property name="MODE_ICON" value="Mode.png"/>
        <property name="PLAY_ICON" value="Play.png"/>
        <property name="HOME_ICON" value="Home.png"/>
        <property name="BIGPLAY_ICON" value="Play2.png"/>
        <property name="LOGOUT_ICON" value="Logout.png"/>
        <property name="PAUSE_ICON" value="Pause.png"/>

        <!-- MODE NAME -->
        <property name="SPORTS" value="Sports"/>
        <property name="RESTAURANT" value="Restaurant"/>
        <property name="ANIMALS" value="Animals"/>

        <!-- TOOLTIPS FOR BUTTONS -->
        <property name="NEW_TOOLTIP" value="Start a new game"/>
        <property name="LOAD_TOOLTIP" value="Load a saved game"/>
        <property name="SAVE_TOOLTIP" value="Save game"/>
        <property name="EXIT_TOOLTIP" value="Exit application"/>

        <!-- ERROR MESSAGES -->
        <property name="CLOSE_BUTTON_TEXT" value="Close"/>

        <property name="NEW_ERROR_TITLE" value="Creation Error"/>
        <property name="NEW_ERROR_MESSAGE" value="An error occured starting a new game"/>
        <property name="LOAD_ERROR_TITLE" value="Load Error"/>
        <property name="LOAD_ERROR_MESSAGE" value="An error occured loading saved game"/>
        <property name="SAVE_ERROR_TITLE" value="Save Error"/>
        <property name="SAVE_ERROR_MESSAGE" value="An error occured saving game"/>
        <property name="PROPERTIES_LOAD_ERROR_TITLE" value="Property Load Error"/>
        <property name="PROPERTIES_LOAD_ERROR_MESSAGE" value="An error occured loading a property file."/>

        <!-- VERIFICATION MESSAGES -->
        <property name="NEW_COMPLETED_MESSAGE" value="New Game Ready"/>
        <property name="NEW_COMPLETED_TITLE" value="New Game Created"/>
        <property name="LOAD_COMPLETED_MESSAGE" value="Game Loaded"/>
        <property name="LOAD_COMPLETED_TITLE" value="Loading Completed"/>
        <property name="SAVE_COMPLETED_MESSAGE" value="Your game was successfully saved"/>
        <property name="SAVE_COMPLETED_TITLE" value="Game Saved"/>
        <property name="SAVE_UNSAVED_WORK_MESSAGE" value="Would you like to save your progress so far?"/>
        <property name="SAVE_UNSAVED_WORK_TITLE" value="Save progress?"/>

        <!-- GAME-SPECIFIC PARAMETERS -->
        <property name="WORK_FILE_EXT" value="json"/>
        <property name="WORK_FILE_EXT_DESC" value="Game File"/>
        <property name="SAVE_WORK_TITLE" value="Save"/>
        <property name="LOAD_WORK_TITLE" value="Select file to load"/>
        <property name="GAME_WON_MESSAGE" value="You won."/>
        <property name="GAME_LOST_MESSAGE" value="You lost"/>
        <property name="GAME_OVER_TITLE" value="Game Over"/>

    </property_list>
    <property_options_list/>
</properties>